"Student","ID","SIS User ID","SIS Login ID","Integration ID","Root Account","Section","Final Exam — Curved Score","Final Exam — Raw Score","PS Average — Drop 2 Lowest (out of 10)"
"Zedelmayer, Ava",450693,"az609","az609",824421953,"georgetown.instructure.com","ECON-1001-01.Spring2026",81.7,100,10
"Zbyszewski, Wrigley",505837,"wz328","wz328",823112205,"georgetown.instructure.com","ECON-1001-01.Spring2026",92,118,10
"Tauckus, Anne",505092,"at1638","at1638",813054977,"georgetown.instructure.com","ECON-1001-01.Spring2026",90.9,116,10
"Sharma, Ananya",498184,"as5685","as5685",829385025,"georgetown.instructure.com","ECON-1001-01.Spring2026",93.1,120,10
"Nordstrom, Amelie",506818,"an1112","an1112",833584292,"georgetown.instructure.com","ECON-1001-01.Spring2026",85.1,106,10
"Kohut, Owen",509492,"ok197","ok197",820623146,"georgetown.instructure.com","ECON-1001-01.Spring2026",71.4,82,10
"Ha, Justin",480818,"jdh334","jdh334",805896427,"georgetown.instructure.com","ECON-1001-01.Spring2026",72.6,84,10
"Cravo Jacobovicz, Bella",482574,"ac2700","ac2700",837953222,"georgetown.instructure.com","ECON-1001-01.Spring2026",69.1,78,10
"Chia, Sophie",498018,"src153","src153",835961800,"georgetown.instructure.com","ECON-1001-01.Spring2026",95.4,124,10
"Boechat, Catarina",497822,"cb1957","cb1957",826662681,"georgetown.instructure.com","ECON-1001-01.Spring2026",86.3,108,10
"Bai, Bryan",518190,"bb1324","bb1324",834286476,"georgetown.instructure.com","ECON-1001-01.Spring2026",90.9,116,10
"Agrawal, Julia",517103,"jfa63","jfa63",803027450,"georgetown.instructure.com","ECON-1001-01.Spring2026",78.3,94,10
"Zhang, Leo",516662,"hlz5","hlz5",831770659,"georgetown.instructure.com","ECON-1001-01.Spring2026",69.1,78,10
"Zhang, Cayden",518477,"cz461","cz461",834118495,"georgetown.instructure.com","ECON-1001-01.Spring2026",88.6,112,10
"Suen, Madelyn",506824,"ms5507","ms5507",809360425,"georgetown.instructure.com","ECON-1001-01.Spring2026",93.1,120,10
"Stephens, Mara",515357,"ms5552","ms5552",831028246,"georgetown.instructure.com","ECON-1001-01.Spring2026",74.9,88,10
"Rotondo, Juliet",497865,"jgr68","jgr68",824553723,"georgetown.instructure.com","ECON-1001-01.Spring2026",93.1,120,10
"Robinson, Juliette",471860,"jer173","jer173",807004102,"georgetown.instructure.com","ECON-1001-01.Spring2026",86.3,108,10
"Nascone, Luca",472673,"lgn8","lgn8",822782594,"georgetown.instructure.com","ECON-1001-01.Spring2026",78.3,94,10
"Nafe, Lia",505446,"ln480","ln480",801754790,"georgetown.instructure.com","ECON-1001-01.Spring2026",85.1,106,10
"Kingsley, Cate",524884,"ck1274","ck1274",811780376,"georgetown.instructure.com","ECON-1001-01.Spring2026",71.4,82,10
"Johns, Brent",514180,"bj344","bj344",824466090,"georgetown.instructure.com","ECON-1001-01.Spring2026",78.3,94,10
"Flaisher, Libby",515019,"laf134","laf134",821442978,"georgetown.instructure.com","ECON-1001-01.Spring2026",94.3,122,10
"Dwyer, Maggie",412177,"mrd148","mrd148",833826794,"georgetown.instructure.com","ECON-1001-01.Spring2026",90.9,116,10
"Dagge, Kenan",508438,"kd986","kd986",808652494,"georgetown.instructure.com","ECON-1001-01.Spring2026",79.4,96,8.34
"Capps, Laura",498374,"lc1450","lc1450",800876927,"georgetown.instructure.com","ECON-1001-01.Spring2026",93.1,120,10
"Zwart, Zoya",506823,"zz658","zz658",826794532,"georgetown.instructure.com","ECON-1001-01.Spring2026",62.3,66,10
"Zuniga, Franco",516990,"fz175","fz175",822286072,"georgetown.instructure.com","ECON-1001-01.Spring2026",68,76,10
"Zuniga, Diego",504589,"dz324","dz324",800607050,"georgetown.instructure.com","ECON-1001-01.Spring2026",60.6,64,10
"Zhou, Carol",497704,"jz1046","jz1046",820071647,"georgetown.instructure.com","ECON-1001-01.Spring2026",80.6,98,10
"Zhao, Xiwen",506749,"xz751","xz751",843391062,"georgetown.instructure.com","ECON-1001-01.Spring2026",82.9,102,10
"Zehner, Catherine",519512,"ccz10","ccz10",810605448,"georgetown.instructure.com","ECON-1001-01.Spring2026",77.1,92,10
"Yu, Ella",515257,"ey239","ey239",818126260,"georgetown.instructure.com","ECON-1001-01.Spring2026",88.6,112,7.71
"Xie, Joy",508410,"jx279","jx279",824697246,"georgetown.instructure.com","ECON-1001-01.Spring2026",90.9,116,10
"Wood, Benjamin",466997,"byw8","byw8",812678599,"georgetown.instructure.com","ECON-1001-01.Spring2026",89.7,114,9.57
"Williams, Lucy",497886,"lgw21","lgw21",835655207,"georgetown.instructure.com","ECON-1001-01.Spring2026",76.9,91.5,10
"Williams, Hank",413150,"hcw25","hcw25",840667572,"georgetown.instructure.com","ECON-1001-01.Spring2026",86.3,108,10
"Wesner, Lila",518469,"lw1010","lw1010",806520538,"georgetown.instructure.com","ECON-1001-01.Spring2026",87.4,110,10
"Weller, Dahlia",518483,"dw1072","dw1072",825917094,"georgetown.instructure.com","ECON-1001-01.Spring2026",86.3,108,10
"Villarin, Bella",470574,"gav25","gav25",823763516,"georgetown.instructure.com","ECON-1001-01.Spring2026",77.1,92,10
"Veil, Skye",498007,"snv15","snv15",832304914,"georgetown.instructure.com","ECON-1001-01.Spring2026",87.4,110,10
"Vazquez, Melissa",515205,"lv337","lv337",840027210,"georgetown.instructure.com","ECON-1001-01.Spring2026",78.3,94,10
"Vazirani, Anya",516606,"arv66","arv66",833904190,"georgetown.instructure.com","ECON-1001-01.Spring2026",95.4,124,10
"Vandenberg, Gwyneth",516660,"gv230","gv230",836332858,"georgetown.instructure.com","ECON-1001-01.Spring2026",88.6,112,10
"Van Zelm, Zoe",517068,"zmv7","zmv7",830125313,"georgetown.instructure.com","ECON-1001-01.Spring2026",76,90,7.72
"Valdivia, Omar",497982,"ov61","ov61",808136424,"georgetown.instructure.com","ECON-1001-01.Spring2026",73.7,86,10
"Valdez, Miranda",497964,"mav144","mav144",805671364,"georgetown.instructure.com","ECON-1001-01.Spring2026",82.9,102,10
"Urbanowicz, John",497885,"jku3","jku3",819726410,"georgetown.instructure.com","ECON-1001-01.Spring2026",74.9,88,10
"Turnbull, Fiona",508444,"fct10","fct10",809246409,"georgetown.instructure.com","ECON-1001-01.Spring2026",71.4,82,9.94
"Tuchinsky, Eli",505397,"et729","et729",815590118,"georgetown.instructure.com","ECON-1001-01.Spring2026",88.6,112,10
"Thornton, Edward",479042,"ejt71","ejt71",840246498,"georgetown.instructure.com","ECON-1001-01.Spring2026",82.9,102,10
"Thompson, Alanna",508301,"at1654","at1654",826286081,"georgetown.instructure.com","ECON-1001-01.Spring2026",86.3,108,10
"Thomas, Jordan",452106,"jet124","jet124",814158351,"georgetown.instructure.com","ECON-1001-01.Spring2026",74.9,88,10
"Tang, Christine",506204,"ct1008","ct1008",818286447,"georgetown.instructure.com","ECON-1001-01.Spring2026",88.6,112,10
"Taft, Chloe",504684,"cet93","cet93",815953963,"georgetown.instructure.com","ECON-1001-01.Spring2026",90.9,116,10
"Swarna, Upasya",505496,"us67","us67",841942481,"georgetown.instructure.com","ECON-1001-01.Spring2026",80.6,98,10
"Sutch, Francesca",505440,"fs766","fs766",833204964,"georgetown.instructure.com","ECON-1001-01.Spring2026",78.3,94,10
"Sun, Selena",497994,"zs389","zs389",812899344,"georgetown.instructure.com","ECON-1001-01.Spring2026",80.6,98,10
"Stubbe, Hanna",419429,"hps15","hps15",826193972,"georgetown.instructure.com","ECON-1001-01.Spring2026",83.4,103,10
"Street, Scarlett",451015,"sms588","sms588",839334860,"georgetown.instructure.com","ECON-1001-01.Spring2026",NA,NA,10
"Stewart, John",515871,"js5647","js5647",819640020,"georgetown.instructure.com","ECON-1001-01.Spring2026",93.1,120,10
"Stevens, Clara",507586,"cs2380","cs2380",837889243,"georgetown.instructure.com","ECON-1001-01.Spring2026",87.4,110,10
"Souther, Will",498092,"wws29","wws29",822676038,"georgetown.instructure.com","ECON-1001-01.Spring2026",98.9,130,10
"Soi, Samik",498477,"ss5410","ss5410",805366951,"georgetown.instructure.com","ECON-1001-01.Spring2026",90.9,116,10
"Soderlund, Sami",508606,"scs196","scs196",812729583,"georgetown.instructure.com","ECON-1001-01.Spring2026",84,104,10
"Snoep, Penelope",497995,"pcs70","pcs70",839021898,"georgetown.instructure.com","ECON-1001-01.Spring2026",92,118,10
"Smith, Emory",429349,"ets68","ets68",842035456,"georgetown.instructure.com","ECON-1001-01.Spring2026",73.7,86,10
"Smetana, Alex",468954,"aks212","aks212",818311496,"georgetown.instructure.com","ECON-1001-01.Spring2026",77.1,92,10
"Singh, Shabad",507644,"ss5484","ss5484",803159915,"georgetown.instructure.com","ECON-1001-01.Spring2026",78.3,94,10
"Shipley, Alex",507620,"as5757","as5757",836242219,"georgetown.instructure.com","ECON-1001-01.Spring2026",94.3,122,9.99
"Shi, Jiayu",504777,"js5584","js5584",823515203,"georgetown.instructure.com","ECON-1001-01.Spring2026",84,104,10
"Shepard, Thomas",469820,"tas194","tas194",834678013,"georgetown.instructure.com","ECON-1001-01.Spring2026",87.4,110,10
"Shen, Joyce",508911,"js5604","js5604",832656732,"georgetown.instructure.com","ECON-1001-01.Spring2026",71.4,82,10
"Shelton, Erin",497754,"eas426","eas426",833271082,"georgetown.instructure.com","ECON-1001-01.Spring2026",62.3,66,10
"Shah, Sienna",498485,"ss5414","ss5414",843260494,"georgetown.instructure.com","ECON-1001-01.Spring2026",82.9,102,10
"Setton, Nicolas",505534,"ns1595","ns1595",832258588,"georgetown.instructure.com","ECON-1001-01.Spring2026",95.4,124,10
"Schwarz, Lorelei",516614,"ls1772","ls1772",832339200,"georgetown.instructure.com","ECON-1001-01.Spring2026",80.6,98,10
"Schanzenbach, Peter",506202,"ps1436","ps1436",823824272,"georgetown.instructure.com","ECON-1001-01.Spring2026",84,104,10
"Santiago, Miranda Kristina",505968,"mes478","mes478",838045554,"georgetown.instructure.com","ECON-1001-01.Spring2026",80.6,98,10
"Saal, Lily",505855,"ls1739","ls1739",826778008,"georgetown.instructure.com","ECON-1001-01.Spring2026",73.7,86,10
"Rothenberg, Jane",506194,"jr2193","jr2193",839206396,"georgetown.instructure.com","ECON-1001-01.Spring2026",93.1,120,10
"Rohatgi, Ezri",517187,"er1022","er1022",808336037,"georgetown.instructure.com","ECON-1001-01.Spring2026",93.1,120,10
"Rodgers, Hope",465620,"hcr42","hcr42",819493550,"georgetown.instructure.com","ECON-1001-01.Spring2026",92,118,10
"Randall, Sophia",498112,"sjr127","sjr127",814608566,"georgetown.instructure.com","ECON-1001-01.Spring2026",86.3,108,10
"Rajgarhia, Saachi",508894,"sr1806","sr1806",807691198,"georgetown.instructure.com","ECON-1001-01.Spring2026",90.9,116,10
"Rabinovici, Annabelle",497948,"ar2117","ar2117",841723271,"georgetown.instructure.com","ECON-1001-01.Spring2026",72.6,84,10
"Quinterno, Marina",482592,"mq148","mq148",821187316,"georgetown.instructure.com","ECON-1001-01.Spring2026",85.1,106,10
"Qian, Ronny",515402,"rq64","rq64",825138341,"georgetown.instructure.com","ECON-1001-01.Spring2026",95.4,124,10
"Price, Jena",515399,"jp2283","jp2283",837272836,"georgetown.instructure.com","ECON-1001-01.Spring2026",84,104,10
"Prasad, Chaitanya",447631,"cp1229","cp1229",840544423,"georgetown.instructure.com","ECON-1001-01.Spring2026",68,76,10
"Plachta, Nicholas",498388,"np744","np744",815432354,"georgetown.instructure.com","ECON-1001-01.Spring2026",85.1,106,10
"Peter, Nel",498383,"np743","np743",834146191,"georgetown.instructure.com","ECON-1001-01.Spring2026",86.3,108,10
"Pensa, Sonia",515030,"sp1930","sp1930",807776156,"georgetown.instructure.com","ECON-1001-01.Spring2026",88.6,112,10
"Peng, Spencer",521505,"sp1686","sp1686",816275028,"georgetown.instructure.com","ECON-1001-01.Spring2026",80.6,98,10
"Penematsa, Aditya Sai Mani",508996,"ap2276","ap2276",815598805,"georgetown.instructure.com","ECON-1001-01.Spring2026",86.3,108,10
"Payne, Julen",466534,"jap392","jap392",815434050,"georgetown.instructure.com","ECON-1001-01.Spring2026",86.3,108,10
"Pavlonnis, Isabel",437613,"ip281","ip281",807422227,"georgetown.instructure.com","ECON-1001-01.Spring2026",77.1,92,10
"Patel, Nandi",482507,"ncp55","ncp55",837896395,"georgetown.instructure.com","ECON-1001-01.Spring2026",78.3,94,10
"Paranjape, Nikhil",481901,"nmp66","nmp66",844756148,"georgetown.instructure.com","ECON-1001-01.Spring2026",70.3,80,10
"Pai, Serene",517552,"sp1948","sp1948",839089551,"georgetown.instructure.com","ECON-1001-01.Spring2026",95.4,124,10
"Ozdemirli, Selin",452225,"so591","so591",829193947,"georgetown.instructure.com","ECON-1001-01.Spring2026",90.9,116,10
"Oehm, Mia",454756,"mo936","mo936",826608342,"georgetown.instructure.com","ECON-1001-01.Spring2026",74.9,88,10
"Nikanova, Oleksandra",516500,"sn967","sn967",830967518,"georgetown.instructure.com","ECON-1001-01.Spring2026",82.9,102,10
"Ni, Angelina",497922,"an1094","an1094",824283811,"georgetown.instructure.com","ECON-1001-01.Spring2026",84,104,10
"Nguyen, Julia",462338,"jn911","jn911",805067254,"georgetown.instructure.com","ECON-1001-01.Spring2026",90.9,116,10
"Nash, Sophia",498471,"sn933","sn933",808267812,"georgetown.instructure.com","ECON-1001-01.Spring2026",93.1,120,10
"Moses, Anina",497868,"am4919","am4919",801840880,"georgetown.instructure.com","ECON-1001-01.Spring2026",54.9,58,9.9
"Morin, Lindsay",505845,"lkm92","lkm92",841745337,"georgetown.instructure.com","ECON-1001-01.Spring2026",89.7,114,10
"Morey, Sahil",428685,"sam571","sam571",811919763,"georgetown.instructure.com","ECON-1001-01.Spring2026",73.7,86,10
"Molitor, Garrett",509051,"gmm139","gmm139",801349255,"georgetown.instructure.com","ECON-1001-01.Spring2026",95.4,124,10
"Melese, Sara",391928,"smm475","smm475",809812335,"georgetown.instructure.com","ECON-1001-01.Spring2026",76,90,10
"Mehta, Iyanah",515831,"im583","im583",844578655,"georgetown.instructure.com","ECON-1001-01.Spring2026",90.9,116,10
"McMorris, Graham",506162,"gm1145","gm1145",811519411,"georgetown.instructure.com","ECON-1001-01.Spring2026",68,76,10
"McGinness, Charlotte",498210,"cm2285","cm2285",820919391,"georgetown.instructure.com","ECON-1001-01.Spring2026",74.9,88,10
"McGill, Maddie",505535,"mcm539","mcm539",827702741,"georgetown.instructure.com","ECON-1001-01.Spring2026",78.3,94,10
"McArthur, Skye",515505,"sm4374","sm4374",821122347,"georgetown.instructure.com","ECON-1001-01.Spring2026",95.4,124,10
"Martino, Matthew",507737,"mm5531","mm5531",814753017,"georgetown.instructure.com","ECON-1001-01.Spring2026",64.6,70,10
"Malhotra, Jiya",498378,"jm3854","jm3854",821200322,"georgetown.instructure.com","ECON-1001-01.Spring2026",81.7,100,10
"Mahoney, Blake",498250,"bm1249","bm1249",833990290,"georgetown.instructure.com","ECON-1001-01.Spring2026",90.9,116,10
"Lytle, Dylan",507449,"dl1307","dl1307",823466931,"georgetown.instructure.com","ECON-1001-01.Spring2026",79.4,96,8.38
"Loringer, Mya",498009,"mgl103","mgl103",801557367,"georgetown.instructure.com","ECON-1001-01.Spring2026",79.4,96,10
"Lin, Ke",504529,"kl1260","kl1260",834464292,"georgetown.instructure.com","ECON-1001-01.Spring2026",84,104,10
"Lin, Johnson",497889,"jl3349","jl3349",834925438,"georgetown.instructure.com","ECON-1001-01.Spring2026",87.4,110,10
"Lin, Johnny",504672,"jl3390","jl3390",813477497,"georgetown.instructure.com","ECON-1001-01.Spring2026",64.6,70,10
"Lin, Celise",504689,"cl1848","cl1848",842012140,"georgetown.instructure.com","ECON-1001-01.Spring2026",79.4,96,10
"Liang, Jackson",508334,"jl3429","jl3429",822198193,"georgetown.instructure.com","ECON-1001-01.Spring2026",94.3,122,10
"Li, Swann",480646,"sl2291","sl2291",800368244,"georgetown.instructure.com","ECON-1001-01.Spring2026",90.9,116,10
"Li, Grace",504851,"gl736","gl736",836155760,"georgetown.instructure.com","ECON-1001-01.Spring2026",88.6,112,10
"Levy, Evangelia",498403,"ll1331","ll1331",827649783,"georgetown.instructure.com","ECON-1001-01.Spring2026",92,118,10
"Lee, Jessica",508343,"jl3431","jl3431",844970270,"georgetown.instructure.com","ECON-1001-01.Spring2026",95.4,124,10
"Lau, Cameron",515494,"cl1894","cl1894",807979134,"georgetown.instructure.com","ECON-1001-01.Spring2026",76,90,10
"Lamb, Jake",524869,"jl3526","jl3526",829517221,"georgetown.instructure.com","ECON-1001-01.Spring2026",80.6,98,10
"Lamartiniere, Erikha",508404,"el1106","el1106",836739439,"georgetown.instructure.com","ECON-1001-01.Spring2026",58.8,62,9.41
"Kutsuzawa, Anan",516695,"ak2594","ak2594",811888037,"georgetown.instructure.com","ECON-1001-01.Spring2026",88.6,112,10
"Kumar, Saisha",505602,"sk2623","sk2623",808529686,"georgetown.instructure.com","ECON-1001-01.Spring2026",100,132,10
"Kuan, Ethan",498246,"ek1072","ek1072",809608981,"georgetown.instructure.com","ECON-1001-01.Spring2026",NA,NA,10
"Krishna, Vayun",505517,"vk372","vk372",818740029,"georgetown.instructure.com","ECON-1001-01.Spring2026",81.7,100,7.74
"Koshy, Abigail",509214,"ask186","ask186",800480267,"georgetown.instructure.com","ECON-1001-01.Spring2026",63.4,68,10
"Kontomichalou, Christina",471424,"ck1167","ck1167",820322886,"georgetown.instructure.com","ECON-1001-01.Spring2026",71.4,82,2.59
"Koetje, Grace",461843,"gek24","gek24",831087495,"georgetown.instructure.com","ECON-1001-01.Spring2026",76,90,10
"Kocis, James",515618,"jwk108","jwk108",827504298,"georgetown.instructure.com","ECON-1001-01.Spring2026",79.4,96,10
"Ko, Grace",441388,"gek23","gek23",817576502,"georgetown.instructure.com","ECON-1001-01.Spring2026",76,90,10
"Kirkpatrick, Nick",418781,"nak91","nak91",834776529,"georgetown.instructure.com","ECON-1001-01.Spring2026",93.1,120,10
"Kirby, Sasha",504357,"ssk159","ssk159",815034014,"georgetown.instructure.com","ECON-1001-01.Spring2026",85.1,106,10
"Kang, Irene",497788,"ilk9","ilk9",808801709,"georgetown.instructure.com","ECON-1001-01.Spring2026",73.7,86,10
"Johnson, JJ",508294,"jj1211","jj1211",816208053,"georgetown.instructure.com","ECON-1001-01.Spring2026",64.6,70,10
"Johnson, Asia",507306,"aj1145","aj1145",826272266,"georgetown.instructure.com","ECON-1001-01.Spring2026",79.4,96,10
"Jiang, Jasmine",508290,"jj1210","jj1210",822042032,"georgetown.instructure.com","ECON-1001-01.Spring2026",80.6,98,10
"Jetley, Veera",517183,"vj147","vj147",823104043,"georgetown.instructure.com","ECON-1001-01.Spring2026",96.6,126,10
"Jee, Min",505984,"mj1007","mj1007",809384267,"georgetown.instructure.com","ECON-1001-01.Spring2026",81.7,100,10
"Jacquand, Thea",347762,"tlj64","tlj64",814155185,"georgetown.instructure.com","ECON-1001-01.Spring2026",76,90,10
"Ider, Maysam",473126,"mmi44","mmi44",828492440,"georgetown.instructure.com","ECON-1001-01.Spring2026",70.3,80,10
"Humphrey, Katie",505225,"kh1388","kh1388",825554019,"georgetown.instructure.com","ECON-1001-01.Spring2026",95.4,124,10
"Hughes, Eleanor",428619,"eh989","eh989",801155247,"georgetown.instructure.com","ECON-1001-01.Spring2026",64.6,70,10
"Hee, Alex",498219,"ah2071","ah2071",809646964,"georgetown.instructure.com","ECON-1001-01.Spring2026",84,104,10
"Hayden, Lucas",415181,"lch89","lch89",839742358,"georgetown.instructure.com","ECON-1001-01.Spring2026",86.3,108,10
"Hamilton, Stephen",509389,"sh2084","sh2084",812219794,"georgetown.instructure.com","ECON-1001-01.Spring2026",80.6,98,10
"Haas, Michael",498386,"mh2388","mh2388",800168717,"georgetown.instructure.com","ECON-1001-01.Spring2026",96.6,126,10
"Greco, Matthew",505566,"mg2351","mg2351",823015627,"georgetown.instructure.com","ECON-1001-01.Spring2026",96.6,126,10
"Goudie, Felicity",515913,"fkg8","fkg8",838641840,"georgetown.instructure.com","ECON-1001-01.Spring2026",90.9,116,10
"Glynn, Taylor",504408,"tgg14","tgg14",816874563,"georgetown.instructure.com","ECON-1001-01.Spring2026",89.7,114,10
"Glisk, Warren",238508,"wag41","wag41",841269822,"georgetown.instructure.com","ECON-1001-01.Spring2026",93.1,120,10
"Gillen, Mackenzie",506814,"mpg97","mpg97",833414715,"georgetown.instructure.com","ECON-1001-01.Spring2026",82.9,102,10
"Giangiordano, Patrick",498301,"pg845","pg845",822733290,"georgetown.instructure.com","ECON-1001-01.Spring2026",79.4,96,10
"Garcia, Samantha",452185,"skg100","skg100",811804720,"georgetown.instructure.com","ECON-1001-01.Spring2026",69.1,78,10
"Gao, Garrett",508287,"gg850","gg850",836810208,"georgetown.instructure.com","ECON-1001-01.Spring2026",95.4,124,10
"Galdamez Lazo, Justin",508511,"jg2479","jg2479",831271916,"georgetown.instructure.com","ECON-1001-01.Spring2026",80.6,98,10
"Fu, Randy",515862,"rf913","rf913",806506195,"georgetown.instructure.com","ECON-1001-01.Spring2026",86.3,108,10
"Fox, Eden",497743,"eaf143","eaf143",821635719,"georgetown.instructure.com","ECON-1001-01.Spring2026",78.3,94,10
"Ford, Rin",508537,"rf905","rf905",816637295,"georgetown.instructure.com","ECON-1001-01.Spring2026",88.6,112,10
"Fonte, Courtney",504008,"cf990","cf990",843470958,"georgetown.instructure.com","ECON-1001-01.Spring2026",84,104,10
"Fong, Chloe",515884,"cf1001","cf1001",823199783,"georgetown.instructure.com","ECON-1001-01.Spring2026",89.7,114,10
"Flores Vargas, Michii",516519,"mf1579","mf1579",804321004,"georgetown.instructure.com","ECON-1001-01.Spring2026",60.6,64,9.51
"Filipe, Rylan",466764,"rjf80","rjf80",803479343,"georgetown.instructure.com","ECON-1001-01.Spring2026",43.5,46,10
"Fenton, Claire",497851,"cf981","cf981",817831266,"georgetown.instructure.com","ECON-1001-01.Spring2026",81.7,100,10
"Farrell, Jad",440621,"jf1651","jf1651",837461371,"georgetown.instructure.com","ECON-1001-01.Spring2026",86.3,108,9.95
"Farber, Charlie",497846,"cef113","cef113",817353675,"georgetown.instructure.com","ECON-1001-01.Spring2026",85.1,106,10
"Evers, Adrian",467900,"ae782","ae782",835140287,"georgetown.instructure.com","ECON-1001-01.Spring2026",76,90,10
"Evans, Jonathan",506178,"je786","je786",829904245,"georgetown.instructure.com","ECON-1001-01.Spring2026",72.6,84,10
"Duque-Tadano, Maya",498330,"md2088","md2088",820789927,"georgetown.instructure.com","ECON-1001-01.Spring2026",68,76,10
"Duku, Joellaine",508497,"jd2248","jd2248",817333402,"georgetown.instructure.com","ECON-1001-01.Spring2026",66.9,74,9.99
"Duff, Alexandra",505812,"amd459","amd459",828479130,"georgetown.instructure.com","ECON-1001-01.Spring2026",93.1,120,10
"Duckworth, Lydia",411676,"lgd38","lgd38",834008493,"georgetown.instructure.com","ECON-1001-01.Spring2026",95.4,124,10
"Doty, Eliza",518392,"ed966","ed966",837976911,"georgetown.instructure.com","ECON-1001-01.Spring2026",87.4,110,10
"Dotson, Gus",390457,"wad20","wad20",811755521,"georgetown.instructure.com","ECON-1001-01.Spring2026",80.6,98,9.74
"Doherty, Jackie",508493,"jd2247","jd2247",832090738,"georgetown.instructure.com","ECON-1001-01.Spring2026",93.1,120,10
"DiVenti, Emily",504286,"ed949","ed949",800031962,"georgetown.instructure.com","ECON-1001-01.Spring2026",90.9,116,10
"DeVerna, Daniel",498270,"dd1224","dd1224",825504471,"georgetown.instructure.com","ECON-1001-01.Spring2026",78.3,94,10
"de Sá Carvalho Patel Pimentel, Iskender",509659,"id268","id268",818817066,"georgetown.instructure.com","ECON-1001-01.Spring2026",95.4,124,10
"Dalberry, Storm",508594,"sad158","sad158",820681018,"georgetown.instructure.com","ECON-1001-01.Spring2026",71.4,82,10
"Daffo, Sarem",508612,"sd1638","sd1638",808411768,"georgetown.instructure.com","ECON-1001-01.Spring2026",90.9,116,10
"Cushing, Keira",497780,"kmc398","kmc398",817558929,"georgetown.instructure.com","ECON-1001-01.Spring2026",88.6,112,10
"Cruz, Mariela",471412,"mc2942","mc2942",806890196,"georgetown.instructure.com","ECON-1001-01.Spring2026",56.9,60,9.86
"Corrigan, Ryan",498353,"rc1744","rc1744",826030678,"georgetown.instructure.com","ECON-1001-01.Spring2026",90.9,116,10
"Chun, William",507304,"wc852","wc852",816788618,"georgetown.instructure.com","ECON-1001-01.Spring2026",88.6,112,10
"Chun Aguilar, Christian",476381,"cnc78","cnc78",830301690,"georgetown.instructure.com","ECON-1001-01.Spring2026",65.7,72,10
"Chuaunsu, Jesse",498288,"jc3738","jc3738",800363855,"georgetown.instructure.com","ECON-1001-01.Spring2026",93.1,120,10
"Chin, Ryan",498329,"rc1739","rc1739",831755934,"georgetown.instructure.com","ECON-1001-01.Spring2026",82.9,102,10
"Cherico, Veronica",410515,"vbc8","vbc8",839685572,"georgetown.instructure.com","ECON-1001-01.Spring2026",86.3,108,10
"Chen, Michelle",515999,"mc3141","mc3141",829241035,"georgetown.instructure.com","ECON-1001-01.Spring2026",86.3,108,10
"Chen, Julia",508474,"jc3790","jc3790",813245271,"georgetown.instructure.com","ECON-1001-01.Spring2026",82.9,102,10
"Chen, Jayk",482714,"pjc283","pjc283",809177841,"georgetown.instructure.com","ECON-1001-01.Spring2026",89.7,114,10
"Chauhan, Addie",497938,"apc112","apc112",841641868,"georgetown.instructure.com","ECON-1001-01.Spring2026",81.7,100,8.66
"Chang, Cooper",508451,"cc2701","cc2701",805359221,"georgetown.instructure.com","ECON-1001-01.Spring2026",92,118,10
"Casey, Jack",508469,"jc3789","jc3789",839510095,"georgetown.instructure.com","ECON-1001-01.Spring2026",45.5,48,5.97
"Cardenas, German",508278,"gc1026","gc1026",823708110,"georgetown.instructure.com","ECON-1001-01.Spring2026",82.9,102,10
"BURRUS, Amelia",392631,"aab207","aab207",833602786,"georgetown.instructure.com","ECON-1001-01.Spring2026",90.9,116,10
"Brenan, Finn",428417,"fkb8","fkb8",838841439,"georgetown.instructure.com","ECON-1001-01.Spring2026",97.7,128,10
"Bowser, Jordan",497821,"jb3198","jb3198",806402668,"georgetown.instructure.com","ECON-1001-01.Spring2026",34.1,36,10
"Bissell, Sylvie",387914,"smb436","smb436",839463574,"georgetown.instructure.com","ECON-1001-01.Spring2026",81.7,100,10
"Bennett, Emma",508375,"eb1512","eb1512",831327864,"georgetown.instructure.com","ECON-1001-01.Spring2026",72.6,84,10
"Bellinger-Wehner, Sage",504266,"sab447","sab447",807793621,"georgetown.instructure.com","ECON-1001-01.Spring2026",78.3,94,9.83
"Behrens, Victoria",508649,"vb550","vb550",834009146,"georgetown.instructure.com","ECON-1001-01.Spring2026",78.3,94,10
"Bautista Bolvito, Gabriella",509647,"gb988","gb988",842211439,"georgetown.instructure.com","ECON-1001-01.Spring2026",76,90,10
"Barry, Fatoumata",508439,"fb652","fb652",822631471,"georgetown.instructure.com","ECON-1001-01.Spring2026",59.6,63,9.87
"Bannon, Paige",504353,"pb1101","pb1101",827337423,"georgetown.instructure.com","ECON-1001-01.Spring2026",86.3,108,10
"Banks, Ty",429205,"tbb43","tbb43",824094860,"georgetown.instructure.com","ECON-1001-01.Spring2026",86.3,108,10
"Bai, Joy",521507,"yb297","yb297",818404625,"georgetown.instructure.com","ECON-1001-01.Spring2026",74.9,88,10
"Badlani, Reyan",498051,"rrb74","rrb74",811161369,"georgetown.instructure.com","ECON-1001-01.Spring2026",86.3,108,10
"Babigian, Abigail",516145,"ab4640","ab4640",840898645,"georgetown.instructure.com","ECON-1001-01.Spring2026",95.4,124,10
"Arafa, Faisal",515639,"fa702","fa702",806728756,"georgetown.instructure.com","ECON-1001-01.Spring2026",84,104,10
"Appelt, Izzy",468349,"isa26","isa26",800537253,"georgetown.instructure.com","ECON-1001-01.Spring2026",80.6,98,10
"Andreae, Dagny",498253,"da949","da949",803730053,"georgetown.instructure.com","ECON-1001-01.Spring2026",88.6,112,10
"Almaguer, Isaiah",508402,"ia490","ia490",809169535,"georgetown.instructure.com","ECON-1001-01.Spring2026",78.3,94,9.42
"Allen, Max",466948,"ma2446","ma2446",833602851,"georgetown.instructure.com","ECON-1001-01.Spring2026",93.1,120,10
"Albright, Ruth",508575,"rsa103","rsa103",844174287,"georgetown.instructure.com","ECON-1001-01.Spring2026",86.3,108,10
"Alameddine, Faysal",450867,"ffa20","ffa20",827708639,"georgetown.instructure.com","ECON-1001-01.Spring2026",92,118,10
"Adams, Maggie",497608,"ma2570","ma2570",828254443,"georgetown.instructure.com","ECON-1001-01.Spring2026",86.3,108,10
"Abdulkadir, Abdulbaari",508261,"aa3247","aa3247",814369338,"georgetown.instructure.com","ECON-1001-01.Spring2026",65.1,71,10
"Abduljelil, Nadean",466589,"nma128","nma128",835409361,"georgetown.instructure.com","ECON-1001-01.Spring2026",78.3,94,10
"Abdul, Amirah",497561,"aa3176","aa3176",823712218,"georgetown.instructure.com","ECON-1001-01.Spring2026",81.7,100,10
